feature,coefficient,abs_coefficient
state_KOGI,0.0687261819466069,0.0687261819466069
state_EDO,0.06004958860111458,0.06004958860111458
state_NASARAWA,0.05671691604699772,0.05671691604699772
state_KWARA,0.05334409600408592,0.05334409600408592
state_CROSS RIVER,0.042440329421090335,0.042440329421090335
state_FCT ABUJA,0.040771200832675866,0.040771200832675866
state_DELTA,0.03708836765958958,0.03708836765958958
state_EKITI,0.030508869408599513,0.030508869408599513
state_PLATEAU,0.027182050605273577,0.027182050605273577
state_JIGAWA,0.014073351973808544,0.014073351973808544
state_YOBE,0.013992770187459362,0.013992770187459362
state_EBONYI,0.013990668354830144,0.013990668354830144
state_BAUCHI,0.013873766705463836,0.013873766705463836
state_LAGOS,0.011626730917897305,0.011626730917897305
state_ENUGU,0.005311306232465332,0.005311306232465332
state_NIGER,0.004366711468899541,0.004366711468899541
state_TARABA,0.0041999915211078775,0.0041999915211078775
state_KADUNA,0.002566201199023884,0.002566201199023884
state_KEBBI,-0.0010995830385593446,0.0010995830385593446
state_OSUN,-0.001235374326102148,0.001235374326102148
state_OYO,-0.0013315100533583014,0.0013315100533583014
state_GOMBE,-0.008610179866198399,0.008610179866198399
state_BENUE,-0.009703071354019228,0.009703071354019228
state_RIVERS,-0.015619684881737294,0.015619684881737294
state_OGUN,-0.016284998862036763,0.016284998862036763
state_AKWA-IBOM,-0.016735812308376317,0.016735812308376317
state_ANAMBRA,-0.01970626429510449,0.01970626429510449
state_SOKOTO,-0.02324431664658463,0.02324431664658463
state_IMO,-0.02489167789166671,0.02489167789166671
state_BORNO,-0.034836012824704325,0.034836012824704325
state_ONDO,-0.03629072845241524,0.03629072845241524
state_KATSINA,-0.04585870581683473,0.04585870581683473
state_ZAMFARA,-0.04924428676277511,0.04924428676277511
state_ADAMAWA,-0.0548032101591385,0.0548032101591385
state_BAYELSA,-0.05887521382493796,0.05887521382493796
state_KANO,-0.09115848365646875,0.09115848365646875
